<?xml version="1.0" encoding="UTF-8" standalone="yes"?>
<addon id="plugin.video.goodgame" name="GoodGame" version="2.1.0" provider-name="Jaxx Colgate">
    <requires>
        <import addon="xbmc.python" version="2.14.0"/>
        <import addon="script.module.requests" version="2.3.0"/>
        <import addon="script.module.xbmcswift2" version="2.4.0"/>
        <import addon="script.module.beautifulsoup4" version="4.3.0"/>
        <import addon="script.module.dateutil" version="2.4.2"/>
    </requires>
    <extension point="xbmc.python.pluginsource" library="addon.py">
        <provides>video</provides>
    </extension>
    <extension point="xbmc.addon.metadata">
        <summary lang="en">GoodGame.ru streams plugin</summary>
        <summary lang="ru">GoodGame.ru плагин стримов</summary>
        <summary lang="uk">GoodGame.ru плагін стрімів</summary>
        <description lang="en">Addon for watching streams from GoodGame.ru.</description>
        <description lang="ru">Дополнение для просмотра стримов c GoodGame.ru.</description>
        <description lang="uk">Надбудова для прегляду стрімів з GoodGame.ru.</description>
        <platform>all</platform>
        <license></license>
        <forum>goodgame.ru/topic/47719/</forum>
        <website>http://nothanks.com</website>
        <email>jaxx_colgate@mail.ru</email>
        <source>https://github.com/JaxxC/goodgame.xbmc</source>
    </extension>
</addon>